Modelo,Precision,Recall,F1-Score
Random Forest,0.20336758249219208,0.8034692417739628,0.3245800975257359
Decision Tree,0.1815428753586229,0.8147353361945636,0.2969238790406674
Logistic Regression,0.19195912927587738,0.7727110157367668,0.30752259625649414
Naive Bayes,0.2900711159737418,0.3792918454935622,0.328735275883447
XGB Classifier,0.5287356321839081,0.057582260371959945,0.10385421706176425
PCA,0.21276938786478208,0.7079756795422032,0.32720360345468824
